time,DT,MassRate_1006,MassRate_1007,MassRate_1008,MassRate_1009,MassRate_1010,P_1001,P_1002,P_1003,P_1004,P_1005,T_1006,T_1007,T_1008,T_1009,T_1010
0,0,0,0,0,0,0,0,0,0,0,0,0,0,0,0,0
159.37424601,23.57947691,16.413671809257,16.417315134073,16.413348716822,16.409375984823,16.397278547864,30996379.900407,31244093.538067,31494046.401158,31743998.548083,31996159.942993,473.11876802783,473.77630066186,473.77685920814,473.77738966264,473.11976327654
572.74999493256,61.159090448415,15.198708371012,15.138724614397,15.133796115227,15.128856455439,15.178821126761,30830221.040224,31074797.51016,31324653.064552,31574508.410011,31829642.962254,476.64271203507,476.61763921347,476.62115480682,476.62488598618,476.6567606867
1187.2008467908,86.883506960031,13.041656922125,12.924945699101,12.918962655514,12.912985489694,13.017896907391,30648229.239761,30889550.126006,31139310.287565,31389070.807254,31647293.28185,475.79870513971,475.70561127567,475.7093483053,475.7131032137,475.81290911792
2330.3424651742,150.8564357674,9.8270550330951,9.669542005387,9.6631360022426,9.6567191444116,9.8017494556595,30406917.282298,30645844.563662,30895541.400908,31145239.138261,31405738.929153,475.43470489906,475.40989903649,475.41314107538,475.41438300229,475.44697921443
3980.7346356647,175.34362923999,6.8982410450103,6.7469162721116,6.7414274049966,6.7359534160041,6.8764440218998,30192957.866203,30432716.618927,30682445.292342,30932175.2361,31191892.987306,475.43638382932,475.43946838311,475.44265988039,475.44543783169,475.44841776393
5341.3728365772,136.43185640775,5.4442764336557,5.3173850534259,5.3129982401585,5.3086252146636,5.4267033393874,30088001.726121,30329852.018523,30579643.955993,30829437.105624,31087174.8583,475.47130556386,475.47831213801,475.48141645291,475.48417381466,475.48329138259
6771.250366329,129.74533793315,4.4919680663998,4.3937037622063,4.3904143742878,4.3871373757757,4.4786515946702,30020333.264952,30264599.935647,30514461.248497,30764323.640069,31019772.499316,475.50393142003,475.51033564915,475.51341231727,475.5163423132,475.51605055513
8104.7925272822,150.80575326098,3.9355008848734,3.8611938259859,3.8587585133994,3.8563340153954,3.9255373858045,29981766.545957,30228076.004239,30477993.652832,30727912.221858,30981425.182804,475.5297098116,475.53432132862,475.53739092556,475.54034004711,475.54192276343
9508.1656957032,117.33935794271,3.5671790937311,3.5133919164982,3.5116573844021,3.5099312691638,3.5600004568135,29957225.826608,30205316.568223,30455281.51393,30705247.212599,30957071.328938,475.55277751171,475.5549816762,475.55804809667,475.56105555085,475.56508269314
10982.204350479,166.69402451463,3.3293873673888,3.2919615313201,3.2907686105619,3.2895821063552,3.3243894022537,29942419.889094,30191962.716151,30441964.745223,30691967.372601,30942414.05977,475.5728709577,475.57229371905,475.57536736123,475.57839368035,475.58523304249
12443.082957942,129.70174802007,3.1858651682164,3.1602061941808,3.1593935640888,3.1585856451189,3.1824189211431,29934471.958233,30185075.66536,30435103.960704,30685132.721178,30934572.966162,475.58870193631,475.58535055238,475.58842869348,475.59146068544,475.60108508033
14072.420236802,184.25621840036,3.0908672887746,3.0742870320106,3.073761936013,3.0732401321051,3.0886109873322,29930275.092498,30181692.648514,30431740.894907,30681789.497112,30930458.489263,475.60182966689,475.59560681611,475.59868512123,475.60171913827,475.61420980037
15893.668647398,175.22583033094,3.0314525225113,3.0214313619716,3.0211101003484,3.0207909994904,3.0300531866916,29928810.69544,30180777.929033,30430840.364555,30680903.040643,30929053.559938,475.61164944112,475.60272539112,475.60580194119,475.60883571318,475.62401031586
17896.547120361,166.63802113019,2.9970451155063,2.9913748314902,2.9911863519789,2.9909992188127,2.9962138488662,29929164.865732,30181420.088868,30431491.764525,30681563.586476,30929447.089405,475.61797216922,475.60681479537,475.60988567158,475.61291970914,475.63030580348
19801.264619307,158.47110002984,2.9800429187481,2.9767982775967,2.9766826068535,2.976567789975,2.9795287265539,29930330.77893,30182656.451731,30432733.195069,30682810.039484,30930634.892205,475.62106533521,475.60845248651,475.61152080301,475.61455117336,475.63337608912
21839.61826664,184.19431473066,2.9706398111735,2.9688868795462,2.9688152868667,2.9687442210186,2.9703210950014,29931871.295994,30184142.422803,30434222.23655,30684302.119834,30932188.844148,475.62247152891,475.60887885221,475.61194556811,475.61497708513,475.63476483135
23854.731863445,214.0929517919,2.9659225856991,2.9649944923074,2.9649469182467,2.9648996608509,2.9657123226524,29933401.275242,30185554.050247,30435635.549393,30685717.097069,30933726.250861,475.62281807432,475.60867769818,475.61174322566,475.61477773213,475.63510095941
26018.764771184,248.8447706651,2.9634035694811,2.9629573089873,2.9629235538438,2.9628899927126,2.9632568927664,29934914.219341,30186916.995107,30436999.468935,30687081.992665,30935243.560068,475.6226659458,475.60824107616,475.61130622,475.61434511602,475.63494356701
27872.254920447,118.32445043608,2.9623039405202,2.9620856493301,2.9620583430843,2.9620311560246,2.9621874501035,29936074.588068,30187953.458087,30438036.403693,30688119.362072,30936406.03654,475.62238906041,475.60787246214,475.61093807768,475.61398048886,475.63466517549
29164.41575988,137.53101391895,2.9618520471408,2.9617332538262,2.9617086933064,2.9616842451549,2.9617487523189,29936810.771445,30188609.636692,30438692.804064,30688775.947779,30937143.176665,475.62218857203,475.60765807025,475.61072402105,475.61376922913,475.63446455049
30416.532046225,130.79062578958,2.9615679089744,2.9615147705488,2.9614920340982,2.9614693447736,2.9614733307659,29937469.720224,30189198.049141,30439281.353953,30689364.628065,30937802.710003,475.62201364103,475.60749577028,475.6105621904,475.61360948809,475.63428987222
32403.085894315,185.80309423798,2.9613080663215,2.9613186659678,2.9612976554409,2.961276686681,2.9612219251689,29938413.303855,30190046.086319,30440129.533267,30690212.97919,30938746.943294,475.62180409502,475.60733821178,475.61040520456,475.6134549875,475.63408090277
34793.000615386,215.9628702745,2.9611588100716,2.9612091595187,2.9611892028427,2.961169290311,2.9610779206308,29939414.41075,30190957.568455,30441041.113373,30691124.651441,30939748.480681,475.62167576121,475.60729567859,475.61036373918,475.61341568929,475.63395312856
36700.739342565,153.40002119905,2.9611024317582,2.9611690875571,2.9611497280688,2.9611300120627,2.9610236294197,29940077.591472,30191572.408349,30441655.793294,30691739.214796,30940411.62647,475.62166273391,475.6073574061,475.6104257391,475.613479039,475.63394068394
39091.610630108,99.470037091054,2.961069741774,2.961147023843,2.9611272094605,2.9611067151571,2.9609929475464,29940826.563838,30192293.782585,30442377.401367,30692460.93522,30941161.191508,475.62175202318,475.607540235,475.61060920185,475.61366141191,475.63403108663
40140.291666641,115.6161301005,2.961061252228,2.9611413391875,2.9611215486208,2.9611021174456,2.9609843830804,29941142.836278,30192598.123244,30442681.739044,30692765.134846,30941477.730221,475.62182183438,475.60764967437,475.61071951345,475.61377110923,475.63410126339
42167.177358391,299.87846571412,2.9610536470087,2.9611364657807,2.9611166549346,2.9610970760707,2.960978096276,29941682.408821,30193135.122738,30443218.511152,30693301.668411,30942016.400391,475.62198952059,475.60789255273,475.61096136289,475.61401451372,475.63426851478
44381.376063609,130.17026500162,2.9610492878035,2.9611344337924,2.9611148598373,2.9610947655672,2.9609730329653,29942334.192944,30193803.624757,30443887.357409,30693970.882781,30942669.164386,475.62223391073,475.60821636531,475.61128327799,475.61433691354,475.6345118016
45668.021313898,123.79062680938,2.9610483310438,2.96113338951,2.961114015931,2.9610944200134,2.9609722034685,29942706.012769,30194178.695077,30444262.433141,30694345.997406,30943041.016878,475.62239032319,475.6084157142,475.61148439928,475.61453762764,475.63466829426
46940.360055396,143.88446644807,2.9610480884642,2.9611329020957,2.9611136660181,2.9610942616537,2.9609719751139,29943063.586641,30194543.016009,30444626.712877,30694710.347614,30943398.61488,475.6225544909,475.6086223121,475.61169106677,475.61474617236,475.6348321555
48279.324883988,111.95402394051,2.9610480768213,2.9611326053313,2.9611134125584,2.9610941559701,2.9609719751643,29943432.410487,30194921.448543,30445005.147378,30695088.805618,30943767.446806,475.62273882378,475.60885150745,475.61191994984,475.61497720547,475.63501604904
49685.711979839,159.04353951181,2.9610482034644,2.9611324066027,2.9611132284115,2.9610940970538,2.9609720913354,29943812.537789,30195314.434959,30445398.106051,30695481.781369,30944147.612133,475.62294422637,475.6091036932,475.61217200826,475.61523088514,475.63522116133
51079.543013702,123.74903747177,2.9610483563989,2.9611322275365,2.9611130867541,2.9610939971896,2.960972258185,29944179.677042,30195697.260351,30445780.926434,30695864.616167,30944514.748922,475.62315854173,475.60936354439,475.6124315791,475.61549102488,475.63543536071
52544.828441696,175.79970989831,2.9610484963866,2.9611320409427,2.9611128992452,2.9610938421259,2.9609724048661,29944562.945809,30196098.293793,30446181.914616,30696265.657624,30944898.007439,475.62339439015,475.60964684539,475.61271498361,475.61577491019,475.63567137021
53993.054326774,136.78672490885,2.9610485799522,2.9611317915186,2.9611126848335,2.9610936344675,2.9609724911671,29944933.947545,30196489.260635,30446572.909685,30696656.616505,30945269.012034,475.62363632846,475.60993548354,475.61300454902,475.61606594035,475.63591326651
55577.385040273,158.99010642378,2.9610485834228,2.9611314724872,2.9611123816328,2.9610933159327,2.9609725078929,29945336.432283,30196914.852424,30446998.485548,30697082.178368,30945671.468262,475.62391061012,475.61026090209,475.61333002555,475.61639354706,475.63618684616
57024.870199789,151.19800924156,2.9610485201048,2.9611310990568,2.9611120333559,2.9610929362952,2.9609724256358,29945701.400109,30197302.022948,30447385.668716,30697469.338472,30946036.410234,475.62416839036,475.6105655926,475.6136343227,475.61669929163,475.63644429285
58609.504768651,143.78780235341,2.9610483738137,2.9611306382223,2.9611115724739,2.9610924413013,2.9609722755347,29946097.17328,30197723.390897,30447807.003105,30697890.675406,30946432.171262,475.62445827884,475.6109062721,475.61397483527,475.61703988233,475.63673410554
60282.329821721,204.26707517956,2.9610479802296,2.9611301241284,2.9611107508582,2.9610917694102,2.9609724024736,29946473.519672,30198126.717158,30448210.263842,30698293.899285,30946808.272849,475.62477069704,475.61127235393,475.61434098673,475.61740528955,475.63704637581
63863.370041776,529.81618609367,2.9610470849636,2.9611275926546,2.9611085289618,2.9610902366865,2.9609716043223,29947287.311546,30199008.087454,30449091.211755,30699175.939701,30947622.025745,475.62546810121,475.61208613535,475.61515232349,475.61821702523,475.63774383709
65982.287266085,229.98087969312,2.9610448220596,2.9611260380246,2.9611062688024,2.9610881489852,2.9609691195157,29947852.634771,30199620.806089,30449704.316772,30699788.272527,30948187.635245,475.62589723059,475.61257884661,475.61564643765,475.61871312282,475.63817299835
69905.663911995,488.05459582189,2.9610452570528,2.9611252034944,2.9611061147022,2.9610862833928,2.9609682855661,29948741.176766,30200582.157074,30450665.532815,30700749.911829,30949076.307509,475.62670564089,475.61350680705,475.61657576774,475.61963863763,475.63897899442
71842.216004976,94.936717725256,2.9610417067379,2.961120211875,2.9611014740764,2.9610828023486,2.9609665701946,29949316.831189,30201203.623259,30451286.988889,30701371.102832,30949652.011253,475.62711825475,475.61397687485,475.61704991738,475.62011071641,475.63939083672
73506.56746365,246.24139578653,2.9610420061866,2.9611208221824,2.9611020295609,2.961083325625,2.9609663188975,29949688.518452,30201604.103795,30451687.074358,30701771.231767,30950023.574706,475.62747128762,475.61438069338,475.61745355465,475.62051399479,475.63974474614
75123.663383741,143.10579388507,2.9610410659047,2.9611202775073,2.9611012550456,2.9610820791683,2.9609654672476,29950105.449152,30202052.391286,30452135.745098,30702219.761362,30950440.595068,475.62781729619,475.6147768106,475.61784861338,475.62090892901,475.64009085029
77158.529644729,248.47558251874,2.9610411244952,2.9611204013842,2.9611010789542,2.9610820379555,2.9609653578257,29950542.108344,30202521.22596,30452604.27682,30702688.167725,30950877.718424,475.62825664043,475.61527739863,475.61834838276,475.62140912817,475.640530731
81514.596592469,644.48166867693,2.9610392624548,2.9611192803549,2.9611000969342,2.9610794076855,2.9609644720862,29951491.364935,30203526.441139,30453612.55697,30703695.027623,30951828.851598,475.62922149531,475.6163743894,475.61944162217,475.62248887754,475.64149353134
85156.290159661,102.5713801542,2.9610345374902,2.9611104506675,2.9610958329671,2.9610750700662,2.9609582194987,29952463.775822,30204539.552687,30454623.668696,30704707.43511,30952798.917144,475.63004369903,475.6173055075,475.62037451605,475.62341275575,475.64231951235
86954.486160831,266.043743897,2.9610347225061,2.961111734186,2.9610950990164,2.9610752607703,2.9609584249445,29952881.12934,30204974.866305,30455058.788706,30705142.607611,30953216.234173,475.63045291194,475.61775949023,475.62082975509,475.62387372894,475.64272878633
90120.240780951,461.93359783438,2.9610357994018,2.9611136196879,2.9610964048896,2.9610757926381,2.9609589893288,29953511.856255,30205625.249036,30455709.336604,30705793.359717,30953848.622722,475.63117309646,475.61856015434,475.62163194889,475.6246776786,475.64344840617
96808.347173547,328.11484497441,2.9610305218868,2.9611096985968,2.9610903024993,2.9610707849179,2.9609533834104,29955041.832941,30207153.81624,30457237.382763,30707321.017056,30955376.855552,475.63273076017,475.62029856718,475.62335281303,475.62641608497,475.64501383972
99329.762580129,190.68741559703,2.9610288608996,2.9611080203809,2.9610890224154,2.9610692906358,2.9609525477964,29955580.677214,30207692.977299,30457776.508074,30707860.160702,30955915.610849,475.63332146943,475.62094362578,475.62400230542,475.62705876763,475.64560221499
102157.90639109,331.09188232811,2.9610303971344,2.9611102155397,2.9610909921302,2.961071122365,2.9609543972108,29956117.92396,30208226.986856,30458310.968784,30708394.416921,30956452.779788,475.63397673737,475.62165922363,475.62472324066,475.6277740625,475.64625520468
107962.33349276,858.76707338886,2.9610323273237,2.961110425247,2.9610904743669,2.9610711328585,2.9609558887674,29957174.651749,30209258.119461,30459342.016682,30709425.618844,30957509.429473,475.63534641766,475.6231546759,475.6262181847,475.62926662072,475.64761888474
114534.37864528,499.08157565112,2.9610236858432,2.9611046740939,2.9610859272185,2.9610664406641,2.9609487781023,29958517.434585,30210549.09654,30460632.797366,30710716.608051,30958852.1604,475.63690306652,475.62484294726,475.62790169553,475.63095623932,475.64917411321
119261.19011557,474.62161253263,2.9610252205735,2.9611057297892,2.9610867568685,2.9610676525507,2.9609494200402,29959372.509525,30211373.624109,30461457.088252,30711540.390376,30959706.961286,475.63800432695,475.626036482,475.62910239133,475.63215604346,475.65027811725
124782.93056349,674.25447097912,2.961024760153,2.9611052539224,2.9610862069257,2.9610672641393,2.9609487491164,29960315.161362,30212273.911848,30462357.730134,30712441.774625,30960649.376853,475.63929968575,475.62743385062,475.63050290616,475.63355752763,475.65157391704
132324.44148621,957.85585744702,2.9610236256253,2.9611041689564,2.9610852530021,2.9610660743559,2.9609474138961,29961513.760116,30213411.698766,30463495.248822,30713579.321338,30961847.526211,475.64106558332,475.62932728388,475.63239938354,475.63545295822,475.65333673428
147874.55683951,1242.2157040579,2.9610208320249,2.9611016248486,2.9610825608673,2.9610634386069,2.9609447160095,29963696.006879,30215466.446686,30465549.553484,30715632.786298,30964029.17682,475.64465846465,475.6331779195,475.63624439874,475.63929613939,475.65693370496
162656.14894426,2156.8677430881,2.9610190602797,2.9610999094652,2.9610808189674,2.9610620010523,2.9609430219174,29965476.170024,30217134.228506,30467217.523012,30717300.209722,30965809.084331,475.64801095489,475.63676128887,475.63983064285,475.64288217893,475.66028501327
179336.4757602,1872.4922112871,2.9610170339962,2.9610975244278,2.9610782982055,2.9610594427498,2.9609407738092,29967229.473369,30218777.682028,30468860.742784,30718942.998435,30967562.119498,475.65173753484,475.6407333873,475.64378713418,475.64685223384,475.66400011472
198703.60601287,1088.2186708857,2.9610140276334,2.9610944478023,2.9610754064842,2.961056361476,2.9609379637409,29968996.149956,30220435.935432,30470519.084687,30720601.505733,30969328.851658,475.65596707853,475.64526188752,475.64832251064,475.65137940902,475.66823866975
217781.34933118,2822.5589725498,2.9610114017628,2.9610914953279,2.9610726217617,2.961053472714,2.9609355328381,29970513.408635,30221865.635168,30471948.781946,30722030.912913,30970845.972412,475.66007326421,475.64967777884,475.65274026703,475.65580494893,475.67235670439
222113.75729926,612.60359019869,2.9610118588727,2.9610918411576,2.9610729966831,2.9610544242822,2.9609361451961,29970805.028631,30222138.274407,30472221.871257,30722303.768945,30971137.43997,475.66099757125,475.65067239199,475.65373338917,475.65679559983,475.67327977787
232853.41318127,1588.935943108,2.9610122712708,2.9610890760024,2.9610733197329,2.9610547289239,2.9609358492624,29971483.003301,30222782.581356,30472866.126412,30722949.54491,30971816.84743,475.66329821979,475.65312258768,475.65619781838,475.65927197433,475.67557296954
244274.67929707,689.72012475927,2.9610071309968,2.9610877890147,2.9610662381937,2.9610481856814,2.9609302930827,29972256.810308,30223519.347236,30473602.432292,30723686.160237,30972589.164245,475.66571812428,475.65574440385,475.65880419339,475.66187787031,475.67799806468
256366.27802963,1788.9563731736,2.9610085386784,2.9610869644601,2.9610680823715,2.961048750379,2.9609345838925,29972945.68774,30224178.298808,30474261.855718,30724342.508554,30973278.270587,475.66827013912,475.65850301112,475.66155620915,475.66462061081,475.68054870738
268056.44033322,776.5443397804,2.9610042527488,2.9610844328572,2.9610644016018,2.9610450778677,2.9609287239681,29973680.155576,30224880.933548,30474964.538076,30725047.162847,30974012.738046,475.67072669689,475.6611617972,475.6642191981,475.66727904145,475.68301834279
280067.99931794,411.98645991247,2.9610014247087,2.9610793954978,2.9610602773389,2.9610399579117,2.960924053434,29974388.976744,30225560.212454,30475644.075048,30725727.010446,30974721.868185,475.67326516305,475.66390804089,475.66695451413,475.67001675372,475.68555243339
284207.12940296,585.27404830252,2.9610014745054,2.9610799591697,2.9610614019146,2.9610418293954,2.9609248327434,29974596.030984,30225758.247387,30475842.080059,30725924.578052,30974928.866796,475.67412970513,475.66483992315,475.66789016466,475.67095327369,475.68641250041
294467.66652027,1518.0501498769,2.961002303981,2.9610808853705,2.961060942687,2.9610424396125,2.9609250139314,29975103.905126,30226247.441579,30476331.22539,30726413.798491,30975435.90023,475.67629486999,475.66716727321,475.67021841293,475.67328647622,475.68856533125
312119.1742291,658.95025114471,2.9609946853098,2.9610742821058,2.9610551515538,2.9610338906587,2.9609193724367,29976018.534511,30227130.059413,30477213.140653,30727295.749157,30976350.88809,475.67999825118,475.67118937163,475.67423116218,475.67729853337,475.69227886134
323671.34116687,1709.1472454876,2.9609980425047,2.9610767130552,2.9610564217156,2.9610371308919,2.9609205952985,29976533.789043,30227627.512636,30477710.433691,30727791.755268,30976867.883954,475.68241595511,475.67379542775,475.67683217443,475.67989286889,475.69468388283
328442.94205701,332.46450496487,2.9609922512154,2.9610719160398,2.9610526516846,2.9610324138339,2.9609171197297,29976813.102338,30227895.705926,30477978.460991,30728060.679512,30977146.099531,475.68341955145,475.67487902355,475.67791642726,475.68097543534,475.69568852777
334271.43283544,862.32730300351,2.9609949312702,2.9610726663392,2.961053691695,2.9610353170157,2.9609188559337,29977063.508561,30228135.927622,30478218.554653,30728300.679241,30977395.441681,475.68462981115,475.67618119879,475.67922815921,475.68228710751,475.69690111484
341211.60521564,748.6324386967,2.9609924346583,2.9610707404119,2.9610515510419,2.9610323900969,2.9609155897943,29977396.868924,30228455.91598,30478538.71241,30728621.002844,30977729.104725,475.68608675385,475.67774622576,475.68079898145,475.68385657293,475.69835774939
354336.00556579,1941.7597432558,2.9609911021492,2.9610713125274,2.9610510913922,2.9610303427849,2.9609158071202,29977929.894605,30228971.805064,30479053.829907,30729136.469907,30978267.072793,475.68881684823,475.68069947657,475.68375545431,475.68680470654,475.70108940943
359757.01451855,377.71244900441,2.9609865565645,2.9610661751637,2.9610467559509,2.9610264817306,2.9609119803404,29978219.581101,30229247.83912,30479330.421139,30729412.724665,30978554.11639,475.68995774602,475.68192528945,475.68498022563,475.6880303466,475.70223137083
366378.7545631,979.6888166911,2.9609869316573,2.9610670724098,2.9610478432076,2.9610285645335,2.9609124507173,29978479.428032,30229498.882658,30479580.959691,30729663.469384,30978816.155094,475.69133057978,475.68340756666,475.68646455752,475.6895179322,475.70360953985
371565.51242881,465.83715833577,2.9609862933294,2.9610650437277,2.9610453064314,2.9610261533213,2.9609107478611,29978718.344327,30229726.229132,30479808.490824,30729890.819567,30979053.309961,475.69241632385,475.6845752607,475.68762982734,475.69068825357,475.70469890001
377368.18597239,404.41814455576,2.9609836957816,2.9610632546163,2.9610440385054,2.9610242982165,2.9609089132209,29978966.672841,30229962.656142,30480045.446518,30730128.291015,30979301.100235,475.69362900995,475.68588269286,475.68893538734,475.6919947406,475.70591771783
383586.86728686,351.09701473843,2.9609836091251,2.9610623853189,2.961043544434,2.9610241516141,2.9609072553006,29979232.849846,30230216.48335,30480299.193792,30730382.392109,30979566.933089,475.69493156349,475.68727757212,475.69033052562,475.69338993905,475.7072147148
389742.00770689,910.65523474141,2.9609844477332,2.9610631232214,2.9610438613324,2.9610248022921,2.9609080458421,29979446.629371,30230420.855301,30480502.556703,30730586.910309,30979780.725813,475.6962114199,475.68865129952,475.69170511781,475.69476241173,475.70848878924
397936.11824927,790.58850023865,2.9609830388249,2.9610606697101,2.9610416215804,2.9610229289396,2.960906987461,29979774.96207,30230734.58728,30480816.928441,30730900.344278,30980108.900165,475.69792231647,475.69048418502,475.69354161786,475.69660028621,475.71019588736
411796.05732354,2050.5829615358,2.9609820806664,2.9610606928117,2.9610406992593,2.9610218193701,2.9609073546783,29980257.211157,30231194.088294,30481276.365855,30731360.841818,30980592.006388,475.70081085391,475.69357588777,475.69663684576,475.6996926094,475.71307871077
419910.23371058,398.88081673261,2.9609785155319,2.9610542258501,2.9610364919246,2.9610169625437,2.9609018328353,29980601.354938,30231521.872515,30481604.347308,30731687.999813,30980935.450641,475.70250092518,475.69539205266,475.69845013406,475.70150948482,475.71478075272
426043.76830864,346.28976438503,2.9609776314813,2.9610543360808,2.9610351354425,2.9610168037914,2.9609008709069,29980839.298833,30231747.413228,30481830.12981,30731913.975714,30981173.008659,475.70377635844,475.69675561525,475.69981558367,475.7028808724,475.71605571509
432114.63201962,898.18646538348,2.9609782196534,2.9610547695087,2.9610359963394,2.9610175932953,2.9609017389548,29981027.29802,30231925.584274,30482008.679756,30732092.686591,30981360.749464,475.70503322261,475.69809910219,475.70115939933,475.70422689136,475.71731173084
435340.72915399,285.8986682409,2.9609755519799,2.9610526223413,2.9610336303401,2.9610146266827,2.9608992118646,29981172.462771,30232066.258915,30482148.17905,30732230.538399,30981506.030589,475.70570626797,475.69881845566,475.70188002555,475.70494483065,475.71798615343
438538.49501559,406.15186965417,2.9609759282356,2.9610529517466,2.9610339699214,2.9610148954137,2.9608997301167,29981275.091508,30232164.963665,30482246.4048,30732328.218438,30981608.477576,475.70636268098,475.69952185483,475.70258384937,475.70564748834,475.71864428006
445036.31613356,430.95818846087,2.9609746880362,2.9610515573698,2.9610324384276,2.9610139047207,2.9608978609461,29981510.204271,30232385.586012,30482467.930006,30732550.764534,30981843.511995,475.70771656121,475.70097326964,475.70403299646,475.70709889026,475.72000089217
448333.61625627,409.83694914922,2.9609743179892,2.9610514827219,2.9610321484695,2.9610133146776,2.9608974933257,29981609.564195,30232479.552012,30482561.809845,30732644.802129,30981942.680594,475.70839832081,475.70170029175,475.70476086939,475.70782516218,475.72068103554
455518.53627961,1063.0114967262,2.9609744449088,2.9610524254094,2.9610328713774,2.9610143426536,2.9608983835641,29981828.669938,30232687.827477,30482769.811086,30732852.824336,30982161.931069,475.70988419189,475.70329022184,475.70634757853,475.70941207667,475.72216435642
463155.94238192,922.85711745984,2.9609732068359,2.9610505181901,2.9610310531119,2.9610120936304,2.9608972037091,29982088.566622,30232934.362257,30483016.415259,30733099.216836,30982422.029558,475.71147026392,475.70498195891,475.70803880941,475.71110363169,475.72375500955
467684.25836013,400.59080351869,2.960970140939,2.9610474876981,2.9610280744949,2.9610089824809,2.9608938774804,29982264.684736,30233100.664326,30483182.860577,30733265.345286,30982598.030748,475.71241366992,475.70598689312,475.709044008,475.71211008733,475.72469901387
473457.67130241,347.77429534369,2.9609696154022,2.9610465662448,2.9610276928029,2.9610081417397,2.9608931369552,29982450.624021,30233275.792137,30483358.289342,30733440.855091,30982783.874365,475.7136048745,475.70725964229,475.71031661933,475.71338209393,475.72589042399
476623.89430014,330.72989448283,2.9609691513887,2.9610458798414,2.9610269345741,2.9610076829895,2.9608928791924,29982552.704923,30233372.906789,30483455.038541,30733537.123242,30982885.938449,475.71425482783,475.70794993017,475.7110091173,475.7140744117,475.72654028263
479701.61149511,257.33523179262,2.9609692569383,2.9610459768977,2.9610269634591,2.9610078408842,2.9608931573822,29982642.690707,30233459.235807,30483540.880166,30733622.190812,30982975.842073,475.71488478001,475.70862079885,475.71168108786,475.71474663903,475.72717001244
482763.74025271,446.81294786443,2.9609693334504,2.9610458833758,2.9610270562617,2.9610077174671,2.9608930429559,29982732.833557,30233543.410026,30483625.421647,30733707.395822,30983066.106082,475.71551629786,475.70929472312,475.71235567214,475.71542117993,475.72780234389
490596.89268679,1158.9177145984,2.9609694971004,2.9610448826407,2.9610270224431,2.9610083597954,2.9608930169696,29982952.011919,30233748.901505,30483831.490886,30733913.549601,30983285.005541,475.71713790692,475.71100917085,475.7140767998,475.71714601851,475.72941534455
501024.87849377,1006.1184331132,2.9609669966795,2.9610432761242,2.9610243994466,2.9610048206202,2.9608911423584,29983275.76004,30234054.562361,30484136.617798,30734219.347802,30983609.20735,475.71929620764,475.71329726909,475.71636568121,475.71943106704,475.73157181958
511249.63808971,357.3266755812,2.960963955821,2.961040814788,2.9610213768135,2.9610018753438,2.9608879622284,29983588.825269,30234348.299642,30484430.952227,30734514.07808,30983922.136769,475.72140936766,475.71554081763,475.71860353211,475.7216697894,475.73368484949
515501.60266344,620.42878526519,2.9609641865704,2.9610404117103,2.9610215433588,2.9610026722,2.9608880905776,29983705.393012,30234458.13237,30484540.726717,30734623.715246,30984038.107721,475.7222689897,475.71645792584,475.71952264603,475.72258916274,475.73454617927
522445.56053241,538.62740160602,2.9609627403731,2.9610392087849,2.961020080391,2.9610010395243,2.9608861496392,29983908.323923,30234649.679889,30484732.259145,30734814.633419,30984241.143905,475.72369412191,475.7179721798,475.72103646653,475.72410476757,475.73596953799
527155.60644147,233.80562334551,2.9609610836116,2.9610373044622,2.9610184643347,2.9609988735027,2.9608842787297,29984055.526253,30234787.295662,30484870.114507,30734952.89323,30984388.389758,475.72466226334,475.71900081614,475.72206689408,475.72513538181,475.73693875075
530706.83542259,332.14772087509,2.9609606773778,2.9610368512478,2.9610178727482,2.9609986714052,2.9608843436,29984156.122087,30234881.948681,30484964.769538,30735047.515001,30984489.020978,475.72538059435,475.719764993,475.7228303874,475.72589654347,475.73766036844
535471.05675464,704.8682563575,2.9609613331165,2.9610376371101,2.961018692,2.9610000903425,2.9608855471981,29984268.654874,30234987.969931,30485070.792823,30735153.464929,30984601.425198,475.72634895617,475.72079571861,475.72386038464,475.72692785729,475.73863172996
541245.46265554,274.22292202623,2.9609593673998,2.9610354727684,2.9610166496549,2.9609970458157,2.9608831944307,29984438.752923,30235147.102905,30485230.048257,30735312.803992,30984771.43044,475.72753642103,475.72205348912,475.72511946324,475.72818738798,475.73982181797
546052.91051356,711.26363639213,2.9609594094816,2.961035717585,2.9610168654389,2.9609973308227,2.9608834481309,29984557.056619,30235258.277242,30485340.773424,30735423.871298,30984889.85856,475.72851343022,475.72308864577,475.72615452225,475.72921988061,475.74079831106
552940.39621367,338.2023205323,2.9609575093462,2.961033540966,2.9610145697337,2.9609952639593,2.9608815402013,29984750.851908,30235440.012525,30485522.787687,30735606.057008,30985083.553715,475.72992307532,475.72458039893,475.72764634295,475.73071151258,475.74220934949
557791.4627987,717.71704271099,2.9609577039407,2.9610337989899,2.9610149041953,2.9609956534994,2.9608822699593,29984868.688812,30235550.74788,30485633.218217,30735717.020982,30985201.68211,475.73090649051,475.72562044818,475.72868652237,475.73175027045,475.74319579377
563671.12823862,279.22163165256,2.9609556589902,2.9610317451641,2.961013029589,2.9609938227951,2.9608794904015,29985033.757083,30235705.422419,30485788.197989,30735871.577166,30985366.380205,475.73210984098,475.72689020896,475.72995582092,475.73302121238,475.74439985303
568566.20931019,724.22900179564,2.960956216584,2.9610322809479,2.9610128266164,2.9609939979892,2.9608800289755,29985148.129146,30235813.034414,30485895.625424,30735979.285965,30985480.802867,475.73309966501,475.72793675242,475.73100219988,475.7340666486,475.74538913898
573913.66536789,314.37095978564,2.9609534233003,2.961029460412,2.9610106720273,2.9609915875588,2.9608771156054,29985303.252011,30235958.93964,30486041.581859,30736124.413724,30985636.030321,475.73419557537,475.72909324752,475.73215731242,475.7352228493,475.74648392213
577352.93110436,365.40002245224,2.9609539688365,2.9610299374579,2.9610111937429,2.9609917933334,2.9608776879442,29985381.37755,30236032.219224,30486114.883231,30736197.617076,30985713.981255,475.73488300927,475.72982017247,475.73288558899,475.73595106664,475.74717159932
583758.8199421,947.75355315587,2.9609543541383,2.9610300659567,2.9610108365763,2.9609916002697,2.9608778486266,29985525.730514,30236167.231976,30486250.300191,30736333.263539,30985858.534936,475.73617957976,475.73119076997,475.73425416065,475.73731795492,475.74846775684
589070.04897934,368.71535405807,2.9609519040008,2.9610276570895,2.9610090766402,2.9609896410709,2.9608758832267,29985671.80588,30236303.328677,30486386.145703,30736469.671823,30986004.316535,475.73726081303,475.73232931272,475.73539448468,475.73845690399,475.74954919988
595534.05944933,956.35266951121,2.9609519044816,2.9610279927939,2.9610085754008,2.960989593506,2.9608754238983,29985816.490201,30236439.440585,30486522.046104,30736605.484812,30986149.208521,475.73856338356,475.73370367532,475.73676994511,475.73983095895,475.75084801595
599192.62988488,454.74093645023,2.9609507221772,2.9610265836714,2.9610073580549,2.9609881689864,2.960874471703,29985915.273542,30236531.49096,30486614.355164,30736697.977223,30986248.073495,475.73930364411,475.73448217127,475.73754988355,475.74061230728,475.75158909975
606467.8032396,482.5149034977,2.9609488077912,2.9610249828641,2.9610057365627,2.9609868760871,2.9608731197445,29986098.894438,30236704.254529,30486786.839163,30736869.995033,30986431.824069,475.74077969299,475.73603300078,475.73909915768,475.74216301506,475.75306079015
610159.56845745,458.86687215477,2.9609488263286,2.9610248697221,2.9610056435826,2.9609865438641,2.9608729545629,29986175.143787,30236775.730189,30486858.309224,30736941.618808,30986508.23625,475.74151955846,475.73681046938,475.7398772151,475.74294177529,475.7538021044
617500.75059891,486.89283675318,2.9609470890838,2.9610233497493,2.9610038557564,2.9609850162673,2.9608713058295,29986356.453888,30236944.572642,30487027.461488,30737111.069998,30986689.448884,475.74300300545,475.73837083782,475.74143553624,475.74449996022,475.75528339123
621226.01178052,463.03024311986,2.9609471659484,2.9610230745301,2.961003573648,2.9609846043112,2.9608712433202,29986431.695073,30237015.623488,30487098.297283,30737181.786781,30986764.695576,475.74374699522,475.73915218285,475.74221731568,475.74528304243,475.75602842923
628633.80161679,491.31049168244,2.960944876735,2.9610216276404,2.9610021814281,2.9609832061858,2.9608694467409,29986610.579398,30237182.670425,30487265.523323,30737349.072057,30986943.587664,475.74523736132,475.74072202402,475.74378367641,475.74685010494,475.75752186227
632392.86267628,467.23138900148,2.9609453454699,2.9610212781643,2.9610020158492,2.9609829233562,2.960869399419,29986685.020424,30237252.348231,30487335.15459,30737418.802493,30987018.078102,475.74598660766,475.74150765962,475.74457090098,475.74763786262,475.75827078458
639126.71608631,405.62855074345,2.960943624691,2.9610196343501,2.961000465798,2.9609813192956,2.960867881597,29986840.956639,30237398.745651,30487481.377928,30737564.649926,30987173.959022,475.7473428199,475.74292811004,475.74599204304,475.74905797368,475.75962414391
643201.96976838,576.24190865677,2.9609443571279,2.9610196383289,2.9610006160725,2.9609814558247,2.9608682920964,29986922.515521,30237474.788652,30487557.339697,30737641.188057,30987255.753237,475.74815006372,475.74377627604,475.74684026685,475.74990720247,475.76043295976
649672.44623018,334.88908534154,2.9609424231288,2.9610182331199,2.9609988490914,2.9609798968445,2.9608666191239,29987068.955963,30237612.141984,30487694.512348,30737777.910513,30987401.987718,475.74944864601,475.74513657788,475.7481986108,475.75126794659,475.7617297932
654475.98882278,710.68585096996,2.9609431612408,2.9610183815739,2.9609987060347,2.960980192905,2.9608668497666,29987164.424949,30237701.185948,30487783.663499,30737867.338435,30987497.545746,475.75040014269,475.7461346246,475.74919608516,475.75226754531,475.76268366618
659839.23729376,337.92758643857,2.9609409291052,2.9610163345392,2.9609975774566,2.9609780444957,2.9608647225136,29987287.455044,30237816.103185,30487898.841162,30737982.254351,30987620.020154,475.7514721927,475.7472565331,475.75031849693,475.75339083411,475.76375788576
665763.50226617,876.49712938484,2.9609413090434,2.9610170041729,2.9609980839709,2.9609785600589,2.9608647944983,29987400.188292,30237922.142843,30488005.206153,30738088.372855,30987733.892858,475.75264537387,475.74848724645,475.75155093013,475.7546207983,475.76492902641
670352.41725158,416.77002440545,2.9609396397388,2.9610150170104,2.9609958013035,2.9609762134998,2.9608633252658,29987507.086688,30238022.108457,30488104.786499,30738187.945143,30987840.030334,475.75355814618,475.74944360103,475.75250804899,475.75557754859,475.76584224409
677020.11292961,442.22486252618,2.9609381884729,2.9610135975299,2.9609941740945,2.9609749877553,2.9608618303146,29987653.569477,30238159.755755,30488242.206686,30738325.178099,30987986.585196,475.754885868,475.75083154417,475.75389547533,475.75696489348,475.76716441782
680851.34257226,514.00732054319,2.9609381365201,2.9610138241959,2.9609941367483,2.9609754244431,2.9608620729492,29987721.537915,30238223.164142,30488305.925323,30738388.970719,30988054.715897,475.75563835054,475.75161898206,475.75468287399,475.75775307594,475.76792154423
687436.98354778,365.10319467217,2.9609364650147,2.9610117991404,2.9609927330235,2.9609737966475,2.9608604745857,29987858.43846,30238351.11081,30488433.87351,30738516.983071,30988191.387252,475.75694786243,475.75298699394,475.756048175,475.75912029524,475.76923148725
691781.48384846,633.93120930156,2.9609368870265,2.961012229958,2.9609931306437,2.9609741717052,2.9608605711111,29987940.382547,30238427.735236,30488510.628298,30738593.682561,30988273.20533,475.75779849663,475.75387779849,475.75693958528,475.7600114403,475.77008449078
697920.12487482,301.43113618343,2.9609352252677,2.9610102041275,2.9609915184169,2.9609722357904,2.9608592442046,29988069.269125,30238547.971041,30488631.031042,30738714.346925,30988401.79008,475.7590132186,475.75514747525,475.75820979879,475.76128096482,475.77130286739
703204.56448067,781.83473671515,2.9609356679814,2.9610105626771,2.9609916901305,2.9609728542373,2.9608595561165,29988164.165723,30238636.551526,30488719.753638,30738802.758811,30988496.052619,475.76004970272,475.75622850798,475.75929099318,475.76236320041,475.77234015593
707770.88298438,371.75852764115,2.9609340235684,2.9610086891786,2.9609899475099,2.960970551789,2.9608573146728,29988261.600172,30238728.397701,30488811.336818,30738894.263751,30988593.98352,475.76095147218,475.75716869648,475.76023124914,475.76330403032,475.77324252468
714288.24383885,964.2458780471,2.9609348751596,2.9610090184694,2.9609906020787,2.9609709958392,2.9608575570307,29988375.338219,30238835.43042,30488917.814197,30739001.250683,30988708.135796,475.76222820332,475.75850070913,475.7615633206,475.76463615251,475.77452051354
719336.56882594,458.49411783994,2.9609323361981,2.9610074249947,2.9609881880278,2.9609693271353,2.9608560583009,29988482.404349,30238934.87535,30489017.572775,30739101.189923,30988815.081802,475.76322198049,475.75953514242,475.76259816399,475.76567136476,475.7755123757
726136.63634833,796.08651696654,2.9609319430122,2.9610067445047,2.9609873909643,2.9609688911185,2.9608560086446,29988607.283944,30239052.406028,30489134.841883,30739218.435121,30988940.188123,475.76455543232,475.76092434426,475.76398394993,475.7670595946,475.77684406017
735046.58921505,691.12527057235,2.9609303914513,2.9610053445692,2.9609860994171,2.9609671472121,2.9608539968641,29988773.985425,30239208.165438,30489290.858942,30739374.388751,30989106.902562,475.7662984278,475.7627372586,475.76579544662,475.76887157203,475.77858441533
740401.63953528,401.65476727979,2.9609290000347,2.9610040917899,2.9609849648799,2.960965785678,2.9608529381014,29988877.153249,30239304.551627,30489387.348553,30739470.858983,30989209.73261,475.767341853,475.76382545486,475.76688332192,475.76995923534,475.77962904918
746926.52676258,697.39595834553,2.9609288341009,2.9610037852758,2.9609843420805,2.9609654763073,2.9608524000164,29988991.818998,30239412.567482,30489495.120343,30739578.627849,30989324.351289,475.76861116501,475.76514834887,475.76820459983,475.77128151496,475.78089803591
753562.72010925,542.63177773124,2.960927242385,2.9610024737622,2.9609828500158,2.9609644103871,2.9608505905069,29989114.816293,30239527.396163,30489610.071496,30739693.583165,30989447.010643,475.76990172963,475.76649164193,475.76954638529,475.77262454315,475.78218719783
759755.58903458,385.43535794579,2.9609253506492,2.9610003271696,2.9609810058424,2.960962192112,2.9608483878555,29989234.349042,30239639.810948,30489722.406302,30739805.733404,30989566.83331,475.77110667697,475.76774423366,475.77079833818,475.77387769805,475.78339155029
765921.97701799,408.97638553411,2.960924940429,2.9610000595136,2.9609806408418,2.9609619319426,2.9608482157482,29989343.380589,30239741.26312,30489824.152412,30739907.847686,30989675.841182,475.77229630039,475.76898228329,475.77203591372,475.77511605482,475.7845824619
769465.15738656,475.36191179523,2.9609250727455,2.9609997533516,2.9609805712313,2.9609618159883,2.9608487358713,29989397.224934,30239792.237587,30489874.952469,30739958.510375,30989729.908146,475.77297785768,475.76968920414,475.77274469224,475.77582415865,475.78526497618
777070.23543723,504.39533503811,2.960923245352,2.9609982905026,2.9609790210126,2.9609599228425,2.9608473815236,29989537.575712,30239924.379846,30490006.938172,30740090.236812,30989870.271756,475.77445305841,475.77122136604,475.77427374278,475.77735385906,475.78674062967
781440.08101346,586.26937702327,2.9609233963344,2.9609982243922,2.9609792011043,2.9609600211502,2.960847498266,29989602.887165,30239985.578349,30490068.179878,30740151.370289,30989935.460612,475.77528916748,475.77208839806,475.77514312295,475.7782225231,475.78757876779
786941.64935008,508.97179287426,2.9609224568804,2.9609970597241,2.9609780885902,2.9609589967749,2.9608461973382,29989698.717925,30240074.839955,30490157.694531,30740241.151392,30990031.311353,475.7763471563,475.77318633233,475.77624273734,475.77932194965,475.78864013576
792656.76648411,295.79434542972,2.9609212564017,2.9609959781969,2.9609769228998,2.9609576769825,2.9608450955367,29989799.257755,30240169.767804,30490252.367221,30740335.526916,30990131.779323,475.77744797339,475.77432932931,475.77738608914,475.78046548384,475.78974262853
796899.54655403,627.72083443519,2.9609213252846,2.9609961007955,2.9609771506326,2.9609577124139,2.9608453875467,29989865.094789,30240231.627039,30490314.215358,30740397.303962,30990197.654544,475.77825807148,475.77516831919,475.77822547295,475.78130536881,475.79055287645
804330.49954842,445.87474313085,2.960919766172,2.960994470301,2.9609755862716,2.9609561963396,2.9608437435294,29989991.75175,30240350.720178,30490433.261407,30740516.23612,30990324.39387,475.7796864518,475.77664875202,475.77970483864,475.78278517767,475.79198279752
809636.13089831,774.1754091299,2.9609196370316,2.9609944817045,2.9609755749247,2.9609563718668,2.9608436604176,29990075.069476,30240428.531926,30490511.293347,30740594.581776,30990407.35445,475.78069749097,475.77769624642,475.780753935,475.78383337644,475.79299435667
815563.16359695,449.92023447543,2.9609175748103,2.960992225738,2.9609733143214,2.9609539967651,2.9608412326225,29990180.012582,30240527.269719,30490609.889333,30740693.095174,30990512.495609,475.78183477587,475.77887276544,475.78192999882,475.78500941793,475.79413072151
822396.91615173,639.16332857299,2.9609174469986,2.9609922784016,2.9609732289906,2.9609539299845,2.9608412756944,29990284.950099,30240625.904763,30490708.57886,30740791.780542,30990617.223636,475.78313528794,475.78022011884,475.7832765094,475.78635552673,475.79543152605
828249.89308018,454.00243119629,2.9609157305095,2.9609903753729,2.9609714143547,2.9609521256188,2.9608394343426,29990384.443269,30240720.190372,30490802.494694,30740885.39201,30990716.859188,475.78425168946,475.78137370698,475.784429944,475.78750981114,475.79654784712
834536.51803737,394.14378514619,2.960914670319,2.9609893509001,2.9609702983545,2.9609508872295,2.9608383956006,29990487.977056,30240817.086581,30490899.550983,30740982.612534,30990820.399287,475.78544766842,475.78261092355,475.78566558202,475.78874658467,475.79774397362
841260.44449525,836.43338529671,2.9609150652932,2.9609897653965,2.9609706327613,2.9609513442371,2.9608394347849,29990582.688141,30240905.739653,30490988.47288,30741071.670851,30990915.211977,475.78671904299,475.78392426837,475.78697912031,475.79006009564,475.79901798169
846613.35731818,726.15254423814,2.9609145240705,2.9609889166246,2.9609700334244,2.9609508288369,2.9608385322132,29990665.469583,30240983.80441,30491066.471017,30741149.754584,30990997.944134,475.78773125461,475.7849675157,475.78802301731,475.79110440142,475.8000293265
852457.56961876,630.41184961367,2.9609132952163,2.9609878652446,2.9609689134628,2.9609496906826,2.9608373259036,29990757.680483,30241070.454978,30491153.074329,30741236.308468,30991090.173503,475.78883675182,475.78610778008,475.78916300792,475.79224494768,475.80113325826
857342.19375406,366.37051997435,2.9609122519613,2.960986385231,2.960967407786,2.9609482865471,2.9608359072163,29990836.91001,30241144.717025,30491227.463703,30741310.845618,30991169.425307,475.78976044047,475.78706118422,475.79011664052,475.79319950142,475.80205615292
863765.09654599,950.27077378638,2.960912420519,2.9609868392867,2.9609676517402,2.960948485014,2.9608362115679,29990927.030307,30241229.644744,30491312.312773,30741395.581451,30991259.453887,475.79096849955,475.78830808379,475.79136505815,475.79444627363,475.80326454859
867400.4004141,451.84902529081,2.9609110289161,2.9609851685857,2.9609662324733,2.9609469375488,2.9608345860018,29990988.45806,30241287.932,30491370.362429,30741453.486282,30991320.950697,475.79165379685,475.78901357722,475.79207034611,475.79515300818,475.8039488606
874629.30752505,479.44636463928,2.9609096669659,2.9609838515164,2.9609648789598,2.9609457143374,2.9608333156043,29991103.416408,30241395.614558,30491478.302505,30741561.65681,30991435.921725,475.79301787509,475.79041955257,475.79347560183,475.79655841183,475.80531019404
878783.00687558,557.27066050661,2.9609097200215,2.9609837116272,2.9609647488218,2.9609456913289,2.9608332367,29991156.917703,30241446.090939,30491528.873961,30741612.082148,30991489.522825,475.79379174996,475.79121601406,475.79427228038,475.79735629917,475.80608373904
885950.96799393,647.72748729699,2.9609086488959,2.9609825426486,2.9609637925307,2.9609445086497,2.9608321650699,29991262.579815,30241545.686241,30491628.437098,30741711.588281,30991595.184504,475.79513874623,475.79259941722,475.79565749458,475.79874190171,475.80742731669
893915.55320178,752.86737223642,2.9609078685792,2.9609820637338,2.9609630059572,2.9609438974735,2.9608314199582,29991376.914583,30241653.049976,30491736.063242,30741819.252717,30991709.566701,475.79662700437,475.79413205794,475.79718895229,475.8002745327,475.80891472534
900316.61702917,437.53684326684,2.9609058231215,2.9609798178437,2.9609609422752,2.960941657826,2.9608297237154,29991476.30001,30241747.597911,30491830.0286,30741913.01006,30991808.847487,475.79782276012,475.79536449004,475.7984203646,475.80150604691,475.81011308212
907424.40907516,759.69825576352,2.9609059315321,2.9609801656555,2.9609610160961,2.9609419323662,2.9608295530564,29991571.201685,30241836.668959,30491919.552035,30742002.485641,30991903.908535,475.7991406787,475.79672294207,475.79977822305,475.80286388106,475.81143201878
915419.44493053,722.46548215749,2.9609044380386,2.9609786327444,2.9609596793617,2.9609404243953,2.9608282943521,29991685.154466,30241943.938943,30492026.737237,30742109.873886,30992017.601621,475.80062492457,475.79825029533,475.80130531043,475.80439137301,475.81291939393
923460.01726485,687.05748492798,2.9609034206769,2.9609776564755,2.9609586566471,2.9609393759711,2.9608273940636,29991797.961483,30242050.859529,30492133.454903,30742216.356766,30992130.378672,475.80211412796,475.79978110688,475.80283647554,475.80592299596,475.81441012797
929751.57284703,488.0220040554,2.9609019200661,2.9609759024185,2.960956831208,2.9609377008975,2.9608256473869,29991889.052582,30242136.455139,30492219.087951,30742302.234435,30992221.498219,475.80327782057,475.80097607229,475.80403111614,475.80711820355,475.81557376735
936569.40102307,567.23830776427,2.9609017004229,2.9609754817971,2.960956501695,2.9609373976945,2.9608251208751,29991979.747463,30242222.171923,30492304.825239,30742387.8163,30992312.30601,475.80453507101,475.80226661909,475.80532244136,475.8084093113,475.81682953449
942767.84810735,659.31309474058,2.9609006272563,2.9609746775103,2.9609556192692,2.9609364334995,2.9608244146613,29992064.532534,30242302.473105,30492384.977355,30742467.882143,30992397.078618,475.8056763286,475.80343781071,475.80649285926,475.80958035618,475.81796938715
951050.26079723,936.6299177397,2.9608997354549,2.960974019388,2.9609550052407,2.9609359424568,2.9608237547753,29992173.606355,30242405.504716,30492488.256935,30742571.122465,30992506.324435,475.80719524015,475.80499952039,475.80805500674,475.81114305774,475.81949025175
957044.40018136,813.1385113651,2.9608989927913,2.9609735924773,2.9609542158565,2.9609353003009,2.9608231943559,29992253.010465,30242479.957408,30492563.125098,30742646.123874,30992585.802544,475.80829049257,475.80612463157,475.80917990332,475.81226799315,475.82058682423
964266.89671252,472.56405380477,2.9608969870999,2.9609706815366,2.9609519671257,2.9609325669153,2.9608209001326,29992357.047826,30242578.125138,30492660.942594,30742744.196906,30992689.573984,475.8096171045,475.80748826438,475.81054228102,475.81363071073,475.8219147855
970868.77223092,549.27120491069,2.9608967515412,2.96097053883,2.9609516479168,2.9609324177368,2.9608207207514,29992440.812021,30242657.590093,30492740.568772,30742823.632678,30992773.555584,475.81081966318,475.80872218527,475.81177560405,475.81486445787,475.82311829731
978542.27192152,638.42955069257,2.9608958321338,2.9609695750474,2.960950681873,2.9609313683871,2.9608196548283,29992539.680544,30242751.200383,30492834.138762,30742917.094119,30992872.450807,475.81221821304,475.81015660318,475.81320944429,475.81629851261,475.82451750945
986111.24540637,742.06018366426,2.9608946646549,2.9609686727813,2.9609498040939,2.9609305211952,2.9608187171545,29992636.114517,30242842.645678,30492925.497159,30743008.338167,30992968.884865,475.81359286295,475.81156438591,475.81461765709,475.81770687943,475.8258925481
994706.14919566,862.51226244539,2.960893837554,2.9609679761666,2.9609490457136,2.9609297686169,2.9608178373156,29992744.146057,30242944.406034,30493027.554518,30743110.511754,30993076.961456,475.81515139959,475.81316029377,475.81621494921,475.81930365735,475.82745170344
1003571.1803762,1002.5162638361,2.9608926797061,2.960966672898,2.9609478120746,2.9609284392477,2.9608167251672,29992855.904449,30243050.902694,30493133.416813,30743216.335719,30993188.787318,475.81675508934,475.8148018298,475.81785629585,475.82094524739,475.8290576891
1010856.7592258,476.69149588555,2.9608910129244,2.9609647228096,2.960945657299,2.9609264415401,2.9608149602123,29992951.579878,30243140.682778,30493223.409771,30743306.603628,30993284.220049,475.81807272978,475.81614759408,475.8192025109,475.82229273747,475.83037662265
1017639.4228295,677.19497783397,2.9608902772328,2.9609641524338,2.9609451633488,2.9609259323997,2.9608144595774,29993034.417851,30243219.244894,30493302.025312,30743385.251543,30993367.251708,475.81929328523,475.81739749875,475.82045089401,475.82354125248,475.83159818828
1025667.9842044,787.11806037621,2.9608893733447,2.9609631604111,2.9609442760582,2.9609251104142,2.9608135274087,29993131.976496,30243311.280607,30493394.23883,30743477.646424,30993464.845484,475.82073550247,475.8188719114,475.82192503431,475.82501618922,475.83304181421
1034428.0978104,748.54144351436,2.9608881733694,2.9609617550791,2.9609431534627,2.9609236993102,2.960812146447,29993240.154705,30243414.429517,30493497.062363,30743580.224663,30993573.02914,475.82230824634,475.82047841298,475.82353200293,475.82662382698,475.83461497283
1042617.2541521,870.04556799104,2.9608872408571,2.9609610236425,2.9609419766522,2.9609229796851,2.9608114430512,29993336.484372,30243505.355126,30493588.118164,30743671.517657,30993669.387787,475.82377021904,475.82196950027,475.82502428039,475.8281173261,475.83607794132
1051377.3796182,827.40467811907,2.9608859916743,2.9609597101455,2.9609406643506,2.9609215375557,2.9608100436596,29993441.836065,30243605.482151,30493688.078517,30743771.392093,30993774.689575,475.8253345404,475.82356558364,475.82662044559,475.82971469532,475.83764257811
1058036.4881426,718.31424078987,2.9608851324216,2.9609588820737,2.9609399784329,2.9609207405324,2.9608092737349,29993520.35988,30243680.128428,30493762.689714,30743845.981804,30993853.285003,475.82651841293,475.82477349896,475.82782770407,475.83092232496,475.83882539105
1066238.4857824,834.911850291,2.960884142055,2.9609578395563,2.9609388680429,2.9609197532821,2.9608082094348,29993616.605518,30243771.758853,30493854.121607,30743937.314725,30993949.501709,475.82797699544,475.82626139484,475.82931641522,475.83241122558,475.84028474978
1075356.1313185,970.43572043042,2.9608830509456,2.9609567109406,2.9609378028003,2.9609186165558,2.9608070108917,29993722.129399,30243871.33748,30493953.950368,30744037.413748,30994055.054809,475.82959290145,475.82790922744,475.83096423718,475.83405965052,475.84190162231
1085246.4573534,689.30765690013,2.9608812669181,2.960954700245,2.9609357204453,2.9609165785837,2.9608048267511,29993838.680028,30243981.580832,30494064.355506,30744147.936795,30994171.424781,475.83134183188,475.82969183429,475.83274496928,475.83584198563,475.84364926808
1092389.0955186,655.5247230319,2.9608804259007,2.9609540495613,2.9609348936352,2.960915857208,2.9608044473667,29993918.408625,30244057.453312,30494140.177053,30744223.781853,30994251.280459,475.8326018342,475.83097195241,475.83402484536,475.83712225885,475.84490636579
1101138.5571386,931.24810095163,2.9608798078871,2.9609534235005,2.9609342024389,2.960915115618,2.9608035768281,29994016.298479,30244150.942362,30494233.36686,30744316.892484,30994349.205002,475.83414392237,475.83254205878,475.83559335441,475.83869116525,475.84644657182
1109460.8796358,885.60767799327,2.9608784562446,2.9609520453073,2.9609329124013,2.9609138262678,2.9608024645889,29994109.381392,30244239.127291,30494321.785529,30744405.316779,30994442.243908,475.83560390787,475.83402933678,475.83707888032,475.84017709453,475.84790689428
1118742.513356,842.20408988664,2.9608770323161,2.9609506045716,2.9609314972936,2.9609123854403,2.960800835692,29994214.835349,30244339.811761,30494422.24435,30744505.55493,30994547.556132,475.8372281637,475.83568554346,475.83873436575,475.84183281741,475.84953371527
1125714.8103982,400.46385473364,2.9608757733631,2.9609491580134,2.9609301752635,2.9609110360574,2.9607994098456,29994292.764791,30244413.433901,30494496.117032,30744579.497807,30994625.335245,475.83844211573,475.83692161451,475.8399702431,475.8430691599,475.85074913775
1132220.3512348,695.32816863137,2.9608751160571,2.9609487330908,2.9609298577076,2.960910594331,2.9607991732695,29994361.533689,30244479.100603,30494561.645979,30744645.136058,30994694.229134,475.8395720951,475.83807348845,475.84112240913,475.84422135625,475.85188072589
1139895.6600581,808.19465195775,2.9608742897319,2.9609479477542,2.9609290289773,2.9609097336553,2.9607983121981,29994444.687031,30244557.806942,30494640.529105,30744724.225895,30994777.373553,475.84090687394,475.83943172681,475.84248078338,475.84557943171,475.85321631051
1149256.5655878,939.38175514849,2.960873524522,2.9609470963559,2.9609281503429,2.9609088670208,2.9607973675565,29994542.289582,30244651.291968,30494733.753448,30744817.255722,30994874.966684,475.84252929826,475.8410807144,475.84412983555,475.84722825776,475.8548393505
1159757.7098425,1334.499592181,2.9608725670623,2.9609460525901,2.9609270206473,2.96090823043,2.9607964835383,29994651.232064,30244754.94315,30494837.573128,30744921.023728,30994983.865379,475.84434446663,475.84292461816,475.84597282496,475.84907379168,475.85665674065
1168771.1854207,775.5585650754,2.9608706287288,2.9609441844806,2.9609252020929,2.9609060701702,2.9607945327208,29994750.04634,30244849.239751,30494931.759668,30745015.256077,30995082.757132,475.8458996158,475.84450359183,475.84755205795,475.85065314718,475.85821078144
1177794.0216874,1101.7699493663,2.9608698944803,2.9609433483102,2.9609244837338,2.9609052939056,2.9607940607782,29994841.852793,30244936.706613,30495019.390928,30745102.628771,30995174.56772,475.84744973604,475.8460793079,475.84912646613,475.85222689969,475.85976041165
1187234.0160847,1047.7722591262,2.9608685487675,2.9609420140056,2.9609230255316,2.9609038970027,2.9607926030803,29994939.565204,30245029.512837,30495112.37486,30745195.803961,30995272.271174,475.84906925244,475.84772294894,475.85077000961,475.85387050601,475.86137932758
1197756.6599717,909.627120487,2.9608671857264,2.9609407029806,2.9609216270117,2.9609025418757,2.9607909144195,29995046.889531,30245132.244952,30495215.004206,30745298.465105,30995379.342662,475.85086773444,475.84954756234,475.85259395626,475.85569376437,475.86317925997
1206758.8591506,865.04634070232,2.9608659580716,2.960939393823,2.9609204214977,2.9609012324887,2.9607896971561,29995138.402953,30245219.343864,30495302.252878,30745385.839988,30995470.784154,475.85240395209,475.85110637372,475.8541524083,475.85725196771,475.86471507819
1215488.935102,1005.4616766459,2.9608650047361,2.9609384289332,2.9609195599569,2.9609002712502,2.9607886715496,29995224.627573,30245302.213935,30495384.881466,30745468.305857,30995556.932097,475.85388728031,475.85261022954,475.85565621509,475.85875601838,475.86619728023
1224311.8364667,782.33240458314,2.9608635211391,2.9609370665248,2.9609180166535,2.9608989100229,2.9607874068527,29995314.260777,30245387.53501,30495470.211994,30745553.790299,30995646.887889,475.85538650909,475.85412998811,475.85717545626,475.86027902071,475.86769689543
1233413.4794767,1111.3929657929,2.9608627936791,2.9609362855027,2.9609173780134,2.960898231867,2.9607866405755,29995401.904309,30245471.773815,30495554.236047,30745637.636882,30995734.587172,475.85692575914,475.85568978287,475.85873554725,475.8618399379,475.86923570915
1241875.4737408,707.52740340353,2.9608611639456,2.9609347395273,2.9609155905737,2.9608964327943,2.9607851365173,29995487.204661,30245553.115921,30495635.743865,30745719.189764,30995819.835369,475.85835607595,475.85713864889,475.86018365777,475.86328879358,475.87066605957
1251319.028871,1005.1238765539,2.9608604276913,2.9609339830245,2.9609146987055,2.9608955517483,2.9607844152522,29995576.726651,30245638.834635,30495721.516923,30745805.023115,30995909.350225,475.8599459157,475.85874961584,475.86179389318,475.86489701488,475.87225620818
1259599.1700418,782.06956815249,2.9608591449497,2.9609325761222,2.960913400888,2.9608943401951,2.9607828899121,29995657.399212,30245716.298768,30495798.785472,30745882.308031,30995989.993602,475.86133618453,475.86015700447,475.86320050729,475.86630442665,475.87364673688
1269215.6520287,909.01601711874,2.9608578916855,2.960931586747,2.9609124211435,2.9608931294692,2.9607819498396,29995748.613589,30245803.525364,30495886.181789,30745969.810416,30996081.310243,475.8629506308,475.86178906683,475.8648309537,475.86793574121,475.87525995466
1280538.7573217,789.16540777463,2.9608560378777,2.960929598781,2.9609105667798,2.9608913220214,2.9607798143397,29995855.574522,30245905.872217,30495988.542597,30746072.136856,30996188.1343,475.86484037572,475.86370060071,475.86674244895,475.86984791364,475.87715194622
1289894.796747,917.26366174539,2.9608553791732,2.9609289686613,2.9609098587661,2.9608906726007,2.96077909151,29995941.264604,30245987.958973,30496070.681961,30746154.367166,30996273.880939,475.8663973485,475.86527540605,475.86831648218,475.87142204612,475.8787065127
1298961.3292123,872.3086154547,2.9608542211418,2.9609277710261,2.9609085977771,2.9608893759557,2.9607778879216,29996026.548346,30246070.380967,30496152.789521,30746236.19942,30996359.010913,475.86790601925,475.86679987535,475.86984047566,475.87294625662,475.88021317337
1309064.8340081,1013.9027723482,2.9608533771171,2.9609268370123,2.9609077708372,2.9608886533329,2.960777131621,29996116.624878,30246156.540935,30496239.273489,30746322.51983,30996449.240788,475.86957941894,475.86848948172,475.87153018638,475.87463731327,475.88188743728
1320399.0325002,1440.3652495849,2.9608522445975,2.9609256670542,2.9609066042408,2.9608875801909,2.9607763828961,29996217.141676,30246252.952662,30496335.594416,30746419.021286,30996549.564169,475.87145043555,475.87037841395,475.87341962367,475.87652755022,475.88376106787
1336131.6850547,1674.1670251496,2.9608503475695,2.9609239756708,2.9609047688623,2.9608857700669,2.9607747437892,29996355.788367,30246386.304138,30496468.814266,30746552.060918,30996688.186415,475.87403830854,475.87298924599,475.87602946477,475.87913826899,475.88635727852
1365481.7868608,4342.3580984298,2.960850021362,2.9609233552352,2.9609048324587,2.9608851513697,2.9607739965335,29996593.969598,30246615.775319,30496698.070291,30746780.986678,30996925.72049,475.87884201456,475.87782865476,475.88087080834,475.88397520119,475.89115188712
1379354.3640345,844.67850232692,2.9608441340721,2.9609173404581,2.9608983423587,2.9608792577492,2.9607675227538,29996735.366675,30246751.492781,30496833.930434,30746916.971071,30997067.546322,475.88109801274,475.88010156288,475.88314298125,475.88624978613,475.89340389433
1389965.3711605,1199.9627528439,2.960843760978,2.9609168812016,2.9608976212863,2.9608788131983,2.9607676719192,29996824.012048,30246837.232619,30496919.657472,30747002.482706,30997156.236076,475.88281655726,475.88183320496,475.88487434921,475.8879817559,475.89511984944
1399101.7236876,763.91209664975,2.9608418527627,2.9609152896637,2.9608961199463,2.9608771780419,2.9607655736306,29996904.203678,30246914.327459,30496996.827235,30747079.768119,30997236.363395,475.88429168485,475.88332268089,475.88636271953,475.88947085546,475.89659605342
1409297.8602113,1085.2248043503,2.9608410664883,2.9609144497773,2.9608953572336,2.960876341519,2.9607652115479,29996988.427281,30246995.316927,30497077.94592,30747160.95162,30997320.532782,475.88593245859,475.88497710451,475.88801668886,475.89112570644,475.89823879132
1418237.8673006,844.39471977963,2.9608396734376,2.9609130013629,2.9608937859582,2.9608748997124,2.9607632923993,29997064.218137,30247068.808065,30497151.275962,30747234.174016,30997396.301458,475.88736745981,475.88642299861,475.88946222943,475.89257180848,475.89967393773
1428620.7116706,981.45786040931,2.9608387476151,2.9609120625971,2.9608930392401,2.960873950259,2.960762469496,29997148.914335,30247150.497098,30497233.076659,30747315.895849,30997480.956956,475.88903084432,475.8880967301,475.89113721046,475.89424659768,475.90133895603
1437556.1462054,933.3566596454,2.9608375517368,2.9609107491864,2.9608917652954,2.9608725663209,2.9607612048515,29997222.819172,30247221.550675,30497304.347922,30747387.366421,30997554.924689,475.89045824455,475.88953136696,475.8925741026,475.89568224575,475.90276513831
1447943.8005929,887.61289633068,2.9608362766369,2.9609096288708,2.9608906643081,2.9608713835869,2.9607601627249,29997307.573509,30247303.91424,30497386.537523,30747469.172737,30997639.711682,475.89211603814,475.89119727823,475.89424129648,475.89734889615,475.90442100844
1457066.8198761,1031.6912620341,2.9608354480515,2.9609084779425,2.9608894111282,2.9608704287059,2.9607591359749,29997380.513758,30247374.15168,30497456.823407,30747539.572179,30997712.484997,475.89356486409,475.89265393794,475.89569687712,475.89880532847,475.90587109836
1467276.1013954,802.74119298811,2.9608339126198,2.9609069579668,2.9608880254941,2.9608687638375,2.9607572501131,29997463.836714,30247454.640841,30497537.390396,30747620.305706,30997796.144954,475.89518618674,475.89428367136,475.89732762231,475.90043570775,475.90749230449
1476781.1852051,1140.3859919551,2.9608330655038,2.9609062386581,2.9608870713404,2.9608680539634,2.9607565386016,29997538.092447,30247526.928865,30497609.45451,30747692.250273,30997870.487271,475.8966876646,475.89579235196,475.89883765173,475.90194371973,475.90899312074
1487822.8025328,1325.4947828157,2.9608320145475,2.9609051804455,2.9608863039623,2.9608669876135,2.9607556173549,29997623.762713,30247609.91264,30497692.419949,30747775.176087,30997956.231133,475.89842874005,475.89754173741,475.900587123,475.90369295697,475.91073278674
1504121.3483678,1540.6506495747,2.9608304199339,2.9609036686456,2.9608848709521,2.96086548847,2.9607541481328,29997748.327317,30247730.565865,30497813.202066,30747895.762671,30998080.900532,475.90099136678,475.90011657316,475.9031615032,475.90626670635,475.91329621954
1516780.714855,1094.3355309396,2.960828467563,2.9609015337446,2.9608826415258,2.9608634896115,2.9607521822447,29997848.331081,30247826.914406,30497909.715036,30747992.651604,30998180.840316,475.90297066961,475.90210368309,475.90514830969,475.90825470593,475.91527626213
1527799.1222874,1040.7022011756,2.9608270014371,2.9609002077698,2.9608811932748,2.9608619882193,2.9607507019048,29997933.249044,30247909.430679,30497992.158927,30748075.065637,30998265.747059,475.90469135355,475.90383106853,475.90687536174,475.90998219158,475.91699680455
1538098.5167205,989.69743822706,2.9608258580151,2.9608990437695,2.9608800672445,2.9608608314483,2.9607495294354,29998011.512096,30247985.312623,30498068.108082,30748151.026962,30998344.023061,475.90629409801,475.90543990639,475.90848362505,475.91159080877,475.91859995137
1548086.5756234,1150.3462864244,2.9608249248265,2.9608982499709,2.9608792501827,2.9608599533447,2.9607489267068,29998085.606925,30248057.672926,30498140.217013,30748223.333121,30998418.064758,475.90784250377,475.90699415474,475.91003667818,475.91314439898,475.92015175267
1558180.8358584,895.06462281469,2.9608235091286,2.9608965802109,2.9608775923514,2.9608585329682,2.9607472424389,29998162.794193,30248132.742875,30498215.236202,30748298.349197,30998495.383393,475.9094076932,475.90856464649,475.91160597719,475.91471480869,475.92171982943
1568594.0037395,1271.5420196053,2.9608226457922,2.9608958245215,2.9608769151453,2.9608576934384,2.9607466064521,29998238.42579,30248205.812921,30498288.534824,30748371.870966,30998570.977746,475.91101511835,475.91017619226,475.91321748035,475.91632665542,475.92332792862
1578275.3510285,809.48040084812,2.9608209843682,2.9608941261334,2.9608751046612,2.9608560883292,2.9607448054036,29998311.913881,30248277.402302,30498360.035422,30748443.342315,30998644.483646,475.91250745279,475.91167203156,475.91471301901,475.91782269655,475.92482083941
1589079.6997442,1149.9598101515,2.9608201601533,2.9608933576647,2.9608741964274,2.9608552153786,2.9607440233126,29998389.431297,30248352.851203,30498435.305147,30748518.697881,30998721.748149,475.91416656302,475.91333488578,475.91637508041,475.91948561182,475.92648008236
1598552.9893464,894.76391228642,2.9608187123799,2.9608918232604,2.9608729494738,2.9608537945766,2.9607424105654,29998459.10603,30248420.697466,30498503.301757,30748586.506596,30998791.459532,475.91561773086,475.91478742419,475.9178288113,475.92093884984,475.92792973944
1609555.183263,1040.0030392815,2.9608178848136,2.9608908905923,2.9608720422618,2.9608528652266,2.9607415860972,29998537.083168,30248496.176903,30498579.020225,30748662.364708,30998869.314878,475.9172995628,475.91647069841,475.91951191225,475.92262236908,475.92961021363
1619023.6275522,989.0325422225,2.9608166284756,2.9608896587075,2.9608707755078,2.9608515989267,2.9607402210432,29998605.316961,30248562.613225,30498645.463828,30748728.831576,30998937.580244,475.9187412263,475.91791414769,475.92095603043,475.92406625884,475.93105145079
1630239.9317669,1149.5734637211,2.9608155965767,2.9608885580586,2.9608695891551,2.9608505419554,2.9607392227219,29998683.84199,30248639.234802,30498722.073214,30748805.35401,30999016.032126,475.9204463749,475.91962071564,475.92266188948,475.92577284754,475.93275638861
1646586.0781552,1996.0123786154,2.9608144378418,2.9608876222035,2.9608685247341,2.9608492414778,2.9607384338041,29998794.592688,30248747.061463,30498829.718928,30748912.881797,30999126.696823,475.92292173026,475.92209813458,475.92513921051,475.92824952481,475.93523379763
1664423.922556,1898.1879115405,2.960812306571,2.9608856305944,2.9608663861885,2.9608469122066,2.960736265256,29998917.417384,30248867.002227,30498949.450746,30749032.431844,30999249.492608,475.92560893453,475.92478562902,475.9278259335,475.93093573928,475.93792185961
1696806.2063859,4028.245022791,2.9608113372802,2.9608846658096,2.9608656368065,2.9608454513818,2.9607345668317,29999124.659062,30249068.487076,30499150.672313,30749233.791314,30999456.22418,475.9304614178,475.92963782833,475.93267898666,475.93577776135,475.94276558781
1712763.7416247,783.57700947956,2.9608058537427,2.9608792404228,2.9608598104047,2.9608405490418,2.9607294223118,29999247.874702,30249189.769347,30499271.961113,30749354.98496,30999579.940852,475.93283353441,475.93200949874,475.93504854563,475.93815499878,475.94514092647
1723905.6693984,1360.5301965279,2.9608052999201,2.9608785378898,2.9608592334484,2.96083981066,2.9607289764317,29999319.864676,30249260.151364,30499342.366828,30749425.413182,30999651.79038,475.93448440872,475.9336608582,475.93669719924,475.93980568122,475.94679099569
1733679.1468163,866.13144659839,2.9608036273178,2.9608767423126,2.9608576247971,2.9608384590455,2.9607271968025,29999386.804357,30249325.92677,30499408.180447,30749491.279788,30999718.827532,475.93593107455,475.9351058193,475.93814295411,475.94125245188,475.94823812444
1745239.6320027,1230.439122248,2.960802855319,2.9608760463094,2.9608571557268,2.9608376329352,2.96072636485,29999461.466651,30249399.15497,30499481.415051,30749564.469327,30999793.359064,475.93763803589,475.93681083397,475.93984819667,475.94295717818,475.94994513831
1754787.6405667,957.38347821726,2.960801430608,2.9608746016854,2.9608555575156,2.9608363417028,2.9607250536571,29999524.653545,30249460.874632,30499543.235326,30749626.421804,30999856.635917,475.93904135838,475.9382122418,475.941249383,475.94435906693,475.95134880005
1766559.8170428,1112.7870865507,2.9608005275187,2.9608736912599,2.9608545508229,2.9608353395231,2.9607239882763,29999599.842626,30249534.270665,30499616.782016,30749700.109597,30999931.711063,475.94077034845,475.93993855652,475.94297613487,475.94608439358,475.95307804437
1776099.7769557,1058.2494469669,2.9607992768412,2.9608726049862,2.9608533947636,2.9608342058693,2.9607229857314,29999661.739736,30249595.147177,30499677.594425,30749760.883793,30999993.649952,475.94216509285,475.94133042231,475.94436761538,475.94747725045,475.95447322272
1787877.4070796,1006.3846943777,2.9607981296933,2.9608712813632,2.960851921088,2.9608329191117,2.960721527661,29999737.008101,30249669.266716,30499751.637101,30749834.91709,31000069.040873,475.94388674983,475.94304905403,475.94608623799,475.94919476659,475.95619552687
1797627.1743357,1169.7422375526,2.960797178138,2.960870490009,2.9608514871189,2.9608320762615,2.9607208347835,29999798.010499,30249729.415934,30499811.674548,30749894.857557,31000130.088043,475.94530470346,475.94446237576,475.94749905588,475.95060900799,475.95761284759
1809202.5634541,910.1562781584,2.9607956017077,2.960868647482,2.9608495182858,2.9608305253035,2.9607189312932,29999872.453189,30249802.57739,30499884.791248,30749967.945088,31000204.623742,475.94698872049,475.94614302645,475.94917968173,475.95228883153,475.95929771006
1821350.6596955,1292.9814480284,2.9607945970589,2.9608677999737,2.9608488840353,2.9608293208054,2.9607182337479,29999947.273067,30249875.97973,30499958.164685,30750041.292846,31000279.374464,475.9487479554,475.94789685883,475.95093353006,475.95404203393,475.96105810194
1832695.4741983,1006.0465841839,2.9607928566737,2.9608660829218,2.9608468810033,2.9608276572299,2.9607165722248,30000019.447516,30249946.707765,30500029.000449,30750112.210467,31000351.544031,475.95038410786,475.94953078805,475.95256691151,475.95567542546,475.96269564825
1845066.0218436,1169.3492449158,2.960792005286,2.9608653005131,2.9608463085281,2.9608267993549,2.9607157479882,30000093.588405,30250019.463582,30500101.791204,30750185.058423,31000425.702669,475.95216313998,475.95130413216,475.95434060383,475.95744865813,475.96447502764
1856408.7641851,1112.039496773,2.9607905622753,2.9608638204322,2.9608447015509,2.9608254009999,2.9607142964382,30000163.588329,30250088.384986,30500170.698541,30750253.934478,31000495.692843,475.95379006653,475.95292617454,475.95596225982,475.95907107155,475.96610282108
1868785.0426832,1057.5384965269,2.9607891720124,2.9608623176811,2.9608431617925,2.9608239825573,2.9607129174397,30000239.781162,30250163.316054,30500245.626175,30750328.882736,31000571.893262,475.95556478229,475.95469400959,475.95773037367,475.96083895517,475.96787780436
1880131.1826132,1005.7085875833,2.9607880009429,2.9608611599209,2.9608421128195,2.9608228688549,2.9607117501184,30000307.518512,30250229.904145,30500312.299601,30750395.590337,31000639.657074,475.95718185123,475.95630381532,475.95934063297,475.96245062059,475.96949567725
1890734.0491137,1168.9563843109,2.9607869956429,2.9608602271114,2.960841305638,2.9608219059483,2.9607107220489,30000370.167578,30250291.739774,30500374.120238,30750457.455903,31000702.470004,475.95869200846,475.95780592414,475.9608430814,475.96395335104,475.97100487611
1902549.7584222,1358.702754746,2.9607859736128,2.9608591570365,2.9608401454662,2.9608208527451,2.9607096952216,30000440.146413,30250360.636873,30500443.119405,30750526.433121,31000772.525046,475.96037123026,475.9594767833,475.96251421403,475.96562470197,475.9726839135
1914919.7235598,1292.1128005352,2.9607846459275,2.9608579583108,2.9608388964452,2.9608195874486,2.9607083983013,30000512.579877,30250431.96693,30500514.456382,30750597.833171,31000844.994231,475.96212182126,475.96121860346,475.96425623354,475.96736652238,475.97443454998
1926729.6368449,1228.7864166574,2.9607834520587,2.960856708245,2.9608379024549,2.9608183561792,2.9607071798996,30000582.123943,30250500.545299,30500583.012569,30750666.419342,31000914.56162,475.96379003063,475.9628788105,475.96591654303,475.96902704257,475.97610310085
1939359.2890507,1428.2444680698,2.9607821249347,2.9608553877454,2.9608362933369,2.9608170295299,2.9607058878199,30000655.654106,30250573.082471,30500655.548949,30750738.950478,31000988.10974,475.9655688007,475.96464876445,475.96768620639,475.97079691153,475.97788208054
1949619.1973508,909.23924392301,2.9607804175541,2.9608536970053,2.9608347253549,2.9608155222991,2.96070417452,30000717.044533,30250633.710422,30500716.154563,30750799.497251,31001049.455732,475.96700856803,475.96608151102,475.96911905137,475.97223042695,475.97932233437
1961755.053694,1291.6786956528,2.9607796360147,2.9608529132004,2.9608339612306,2.9608145206627,2.9607033929286,30000785.516885,30250701.24998,30500783.697944,30750867.130244,31001117.970483,475.96870865436,475.96777286468,475.97081051351,475.97392099459,475.98102254402
1973298.4508371,1228.3735872336,2.9607782977425,2.9608517671183,2.9608326794502,2.9608134370813,2.9607023014519,30000851.090619,30250766.039337,30500848.459277,30750931.755417,31001183.351369,475.97031859626,475.96937440902,475.97241162379,475.97552236437,475.98263296869
1986172.4513584,1168.1710590191,2.9607771713975,2.9608504575951,2.9608314102202,2.9608121313344,2.9607009900305,30000924.156494,30250838.120777,30500920.807439,30751003.872674,31001256.341131,475.97211108338,475.97115716781,475.97419503764,475.97730667726,475.98443061748
1996187.2198701,1110.9190537083,2.9607760071744,2.9608494229246,2.9608303202692,2.9608109322051,2.9606998200003,30000981.070131,30250894.59884,30500977.206212,30751060.211102,31001313.469218,475.97349985597,475.97253843364,475.9755754817,475.97868776272,475.98581821574
2008551.0285634,1056.472966321,2.9607747764407,2.9608480577133,2.960829028526,2.9608097507816,2.9606986714578,30001050.459475,30250963.170532,30501045.851848,30751128.814707,31001382.933809,475.97521397508,475.97424235262,475.97728043582,475.98039119774,475.9875339731
2020842.0185989,1500.8410957297,2.9607739207627,2.9608470067168,2.9608281333093,2.9608088908287,2.9606978695966,30001117.821328,30251029.604392,30501112.277519,30751195.206149,31001450.069197,475.976911177,475.97592833386,475.97896694426,475.98207778049,475.98923122325
2032993.5206504,955.45521347205,2.9607721795947,2.9608452346052,2.9608264051857,2.9608071236544,2.9606959377132,30001186.754256,30251097.778062,30501180.452634,30751263.383832,31001518.98131,475.97858623795,475.97759205474,475.98063094181,475.98374185262,475.99090647702
2043680.2513118,1357.3337844145,2.960771455127,2.960844559643,2.9608257009719,2.9608063432207,2.9606951726834,30001244.524149,30251155.037897,30501237.658957,30751320.543983,31001576.691968,475.98005144135,475.97904867682,475.9820869763,475.985198701,475.99237046252
2055589.7029331,1056.1180282129,2.9607699244772,2.9608431741083,2.9608241704862,2.9608048644556,2.9606936504723,30001310.114991,30251219.930539,30501302.581512,30751385.47853,31001642.275089,475.98168390943,475.98066922948,475.98370827224,475.98681978372,475.99400191878
2066499.8973055,1227.5483444284,2.9607691872579,2.960842416244,2.9608234335965,2.9608040803852,2.9606929111726,30001368.46067,30251277.667928,30501360.343523,30751443.223437,31001700.591425,475.9831731987,475.98214866257,475.98518743401,475.98829946156,475.99549116411
2078407.173633,1167.3862613226,2.9607677226556,2.9608409428255,2.9608219298421,2.9608026401807,2.9606914317567,30001433.197246,30251341.862122,30501424.506713,30751507.386602,31001765.306638,475.98479599378,475.98375975221,475.98679874512,475.98991081752,475.99711374117
2091399.425731,1110.1727189077,2.9607663611263,2.9608395545808,2.9608205288396,2.9608013247515,2.9606901214505,30001503.761206,30251411.808294,30501494.355187,30751577.232695,31001835.671382,475.98656448356,475.98551416459,475.98855504017,475.99166792624,475.99888471357
2103544.8827932,1290.3772558743,2.9607654659009,2.9608386267834,2.9608198335298,2.9608004956365,2.9606892006697,30001566.629767,30251474.151607,30501556.636131,30751639.549307,31001898.471327,475.98820586986,475.98714249507,475.99018394252,475.99329805251,476.00052635992
2116537.1524809,1227.1359309537,2.9607640213881,2.9608373002257,2.9608183220011,2.9607989888941,2.9606876367465,30001635.729935,30251542.530346,30501625.104413,30751708.076132,31001967.546467,475.9899627206,475.98888939288,475.99192823719,475.99504220944,476.0022835483
2129398.1817143,1166.9940602118,2.9607626517171,2.9608359822377,2.9608168978743,2.9607976448893,2.9606863365381,30001704.308005,30251610.568955,30501693.174549,30751776.083046,31002036.070285,475.99169728372,475.99061206376,475.99365040127,475.99676406061,476.00401835808
2146002.9002927,1657.8489936544,2.9607613927886,2.9608346573199,2.9608157179246,2.9607964867519,2.9606850097812,30001788.423401,30251693.624913,30501776.422729,30751859.45141,31002120.114666,475.99392488961,475.99282379166,475.99586083721,475.99897545429,476.00624592435
2166388.1391943,1926.9529854692,2.9607593885381,2.9608329772894,2.9608138712847,2.9607949383284,2.9606833724536,30001892.643156,30251797.340117,30501879.974962,30751962.909862,31002224.269337,475.99665108688,475.99553033492,475.99856540162,476.00168301635,476.00897373148
2200169.8739015,4998.019777028,2.9607593996841,2.9608330734444,2.9608136623265,2.9607947970248,2.9606828103099,30002049.995829,30251953.909437,30502036.343484,30752119.10597,31002381.888646,476.00113759005,475.99997168953,476.00301383012,476.00613079871,476.01345210127
2264206.2456117,3550.1303477531,2.9607513148055,2.9608247571562,2.9608062295389,2.9607869028183,2.9606755447835,30002365.928274,30252267.103321,30502349.793688,30752432.608496,31002697.707893,476.00955561536,476.00830107887,476.01134944149,476.01446750642,476.02185991565
2300387.876055,2521.6837964439,2.960747140407,2.9608204223219,2.9608013997135,2.9607823292672,2.9606708298783,30002545.025631,30252445.598958,30502528.256754,30752610.958069,31002876.73185,476.01425641802,476.01295868225,476.01600631032,476.01912535872,476.02656026991
2332406.6441208,4378.4170664165,2.9607459187631,2.9608197149997,2.960800171553,2.9607814859358,2.9606698717982,30002691.797061,30252591.886731,30502674.667188,30752757.146367,31003023.330961,476.01839176507,476.01705785938,476.02010076611,476.02321911248,476.0306990939
2381410.7270454,3801.1379607787,2.9607413816603,2.9608146825715,2.9607955289583,2.960776304086,2.9606647658444,30002919.578625,30252818.618648,30502901.749477,30752984.730955,31003251.237559,476.02465887277,476.02325381396,476.02630141566,476.02941814914,476.03696112879
2401274.2061458,2209.0715649431,2.9607373355973,2.9608109256251,2.9607919074827,2.9607728524121,2.9606612604419,30003018.952556,30252918.993668,30503001.597563,30753084.306305,31003350.299913,476.02718050053,476.02575398988,476.0287997821,476.03191865487,476.03948401284
2424407.6757952,2567.6506506174,2.9607353220439,2.9608089496424,2.9607900064715,2.9607708550909,2.9606589325991,30003124.868404,30253025.146008,30503107.672825,30753190.311685,31003456.148473,476.03010998061,476.02865306784,476.03169949857,476.03481700928,476.04241284528
2469421.5883058,6659.8245152098,2.9607357484425,2.9608085310567,2.9607902224269,2.96077062864,2.9606590296783,30003312.19096,30253211.388343,30503294.556003,30753376.91032,31003643.8593,476.03575882324,476.03424204366,476.03729007394,476.04040270391,476.04806286585
2534615.3786063,3870.4275182495,2.9607265067613,2.9608002392748,2.9607811539609,2.9607619356681,2.9606501111016,30003603.341042,30253502.958091,30503585.808416,30753668.050507,31003935.122947,476.04384068897,476.04223850741,476.04528595748,476.04840191355,476.05615373904
2582827.134497,3360.1250728044,2.9607215498493,2.9607950972746,2.9607762182798,2.9607571839685,2.9606454624516,30003811.638728,30253712.404505,30503794.758839,30753876.981729,31004143.304934,476.04975144896,476.04807979334,476.05112896716,476.05424893824,476.06206812746
2624087.3746713,5834.2084700739,2.9607202374987,2.9607942894549,2.9607749155676,2.960755413273,2.9606442353101,30003978.824023,30253879.563701,30503962.26835,30754044.885038,31004310.606939,476.05477266904,476.05304560172,476.05609232695,476.0592110076,476.06709362252
2667084.5654201,3390.612013606,2.9607138991278,2.9607877364216,2.9607687287978,2.960749407059,2.9606375622423,30004164.983366,30254066.497417,30504149.474154,30754232.114197,31004496.538655,476.05996007321,476.05817954767,476.06122107405,476.06433624116,476.0722757803
2714034.7679746,2943.571578424,2.9607085021354,2.9607824038585,2.9607634138554,2.9607440486806,2.9606320384073,30004359.389618,30254261.465738,30504344.499765,30754427.464608,31004690.980725,476.06557393626,476.06373109104,476.06677250691,476.06988787694,476.07789634633
2748888.9585868,4181.6812487928,2.9607075742804,2.9607814162451,2.9607625342692,2.9607430042771,2.9606311017608,30004494.645242,30254397.696741,30504480.366305,30754563.632067,31004826.236553,476.06970592294,476.06781344905,476.07085496621,476.07396996805,476.08202466012
